SRA	SRX	MGI	old	new	judge
2	363	http://www.ncbi.nlm.nih.gov/sra?term=SRX717362	BY4741	YSt@ BY4741?0	
112	112	http://www.ncbi.nlm.nih.gov/sra?term=SRX377145	ZKY329: CEN.PK MATa SPT7-FLAG::natMX|YMC cycling cells	YSt@ ZKY329?0	
96	96	http://www.ncbi.nlm.nih.gov/sra?term=SRX513267	meiotic culture|meiotic pophase	YSt@ Unknown?0	
93	93	http://www.ncbi.nlm.nih.gov/sra?term=SRX381306	whole cell	YSt@ Unknown?0	
11	68	http://www.ncbi.nlm.nih.gov/sra?term=SRX655410	NoCell	NoD@ NA?0	
1	50	http://www.ncbi.nlm.nih.gov/sra?term=SRX977447	BY4741|not applicable	YSt@ BY4741?0	
1	48	http://www.ncbi.nlm.nih.gov/sra?term=SRX695964	yeast|WCE	YSt@ Unknown?0	
3	31	http://www.ncbi.nlm.nih.gov/sra?term=SRX869395	Yeast	YSt@ Unknown?0	
20	20	http://www.ncbi.nlm.nih.gov/sra?term=SRX043838	MATa /MAT his31/ his31 leu20/ leu20 ura30/ ura30 met150/MET15 LYS2/lys20 sir4::KanMX/ sir4::KanMX trp1::Hyg/ trp1::Hyg|His+ FOAr colonies	YSt@ Unknown?0	
1	19	http://www.ncbi.nlm.nih.gov/sra?term=ERX503040	BY4716	YSt@ BY4716?0	
18	18	http://www.ncbi.nlm.nih.gov/sra?term=SRX149470	S. cerevisiae liquid culture in logarhithmic growth	YSt@ Unknown?0	
1	18	http://www.ncbi.nlm.nih.gov/sra?term=SRX750557	S288c|NA	YSt@ S288C?0	
1	18	http://www.ncbi.nlm.nih.gov/sra?term=SRX065603	W303|yeast cells	YSt@ W303?0	
16	16	http://www.ncbi.nlm.nih.gov/sra?term=SRX997489	meiotic culture	YSt@ Unknown?0	
16	16	http://www.ncbi.nlm.nih.gov/sra?term=SRX377017	BY5765: CEN.PK MATalpha|YMC cycling cells	YSt@ BY5765?0	
16	16	http://www.ncbi.nlm.nih.gov/sra?term=SRX211443	S. cerevisiae untagged strain	YSt@ BY4741?0	
16	16	http://www.ncbi.nlm.nih.gov/sra?term=SRX211438	S. cerevisiae Ecm5-13Myc strain	YSt@ BY4741?0	
16	16	http://www.ncbi.nlm.nih.gov/sra?term=SRX211433	S. cerevisiae Snt2-13Myc strain	YSt@ BY4741?0	
1	16	http://www.ncbi.nlm.nih.gov/sra?term=SRX974672	cell culture	Unc@ Unclassified	
2	14	http://www.ncbi.nlm.nih.gov/sra?term=SRX472126	KHW127|Struhl lab	YSt@ KHW127?0	
1	14	http://www.ncbi.nlm.nih.gov/sra?term=SRX648531	w303-1a|cell culture	YSt@ W303?0	
1	13	http://www.ncbi.nlm.nih.gov/sra?term=SRX1142470	W303 Q	YSt@ W303?0	
1	13	http://www.ncbi.nlm.nih.gov/sra?term=SRX1142464	W303 log	YSt@ W303?0	
12	12	http://www.ncbi.nlm.nih.gov/sra?term=SRX964235	RPD3-MYC log	YSt@ W303?0	
9	9	http://www.ncbi.nlm.nih.gov/sra?term=SRX707480	whole organism	YSt@ Unknown?0	
1	9	http://www.ncbi.nlm.nih.gov/sra?term=SRX1142467	W303 DS	YSt@ W303?0	
1	9	http://www.ncbi.nlm.nih.gov/sra?term=ERX503037	RM11-1a	YSt@ RM11-1a?0	
7	7	http://www.ncbi.nlm.nih.gov/sra?term=SRX957135	yeast cell culture	Unc@ Unclassified	
7	7	http://www.ncbi.nlm.nih.gov/sra?term=SRX360917	BY4741|Wild type yeast cells|Wild type yeast cells	YSt@ BY4741?0	
1	7	http://www.ncbi.nlm.nih.gov/sra?term=SRX193139	ML1|Genomic DNA	YSt@ ML1?0	
6	6	http://www.ncbi.nlm.nih.gov/sra?term=SRX964217	?rpd3 Q	YSt@ Unknown?0	
6	6	http://www.ncbi.nlm.nih.gov/sra?term=SRX964214	?rpd3 log	YSt@ Unknown?0	
1	6	http://www.ncbi.nlm.nih.gov/sra?term=SRX851844	BY4741|BY4741	YSt@ BY4741?0	
1	6	http://www.ncbi.nlm.nih.gov/sra?term=SRX526459	W303|NA	YSt@ W303?0	
1	6	http://www.ncbi.nlm.nih.gov/sra?term=SRX148604	UPY524|Yeast culture	YSt@ UPY524?0	
1	6	http://www.ncbi.nlm.nih.gov/sra?term=SRX148603	UPY493|Yeast culture	YSt@ UPY493?0	
1	5	http://www.ncbi.nlm.nih.gov/sra?term=SRX1004419	JOY130|not applicable	YSt@ JOY130?0	
4	4	http://www.ncbi.nlm.nih.gov/sra?term=SRX964231	RPD3-MYC Q	YSt@ W303?0	
4	4	http://www.ncbi.nlm.nih.gov/sra?term=SRX559609	BY4741:MATa his31 leu20 met150 ura30|asynchronous cells	YSt@ BY4741?0	
4	4	http://www.ncbi.nlm.nih.gov/sra?term=SRX360909	BY4741|RSC2 TAP-tagged yeast cells|RSC2 TAP-tagged yeast cells	YSt@ BY4741?0	
4	4	http://www.ncbi.nlm.nih.gov/sra?term=SRX360905	BY4741|SWI6 TAP-tagged yeast cells|SWI6 TAP-tagged yeast cells	YSt@ BY4741?0	
4	4	http://www.ncbi.nlm.nih.gov/sra?term=SRX237129	yeast cells grown in YPD	YSt@ yMC458?0	
4	4	http://www.ncbi.nlm.nih.gov/sra?term=SRX058456	CEN.PK a SPT7-FLAG::Nat|YMC RC phase	YSt@ Unknown?0	
4	4	http://www.ncbi.nlm.nih.gov/sra?term=SRX058455	CEN.PK a SPT7-FLAG::Nat|YMC OX phase cells	YSt@ Unknown?0	
4	4	http://www.ncbi.nlm.nih.gov/sra?term=ERX291904	W 303	YSt@ W303?0	
2	4	http://www.ncbi.nlm.nih.gov/sra?term=SRX472131	KHW330|Struhl lab	YSt@ KHW330?0	
2	4	http://www.ncbi.nlm.nih.gov/sra?term=SRX465802	HHY168|Struhl lab	YSt@ HHY168?0	
1	4	http://www.ncbi.nlm.nih.gov/sra?term=SRX493933	W303|C3857	YSt@ W303?0	
1	4	http://www.ncbi.nlm.nih.gov/sra?term=SRX493932	W303|C3632	YSt@ W303?0	
1	4	http://www.ncbi.nlm.nih.gov/sra?term=SRX472145	KHW76|Struhl lab	YSt@ KHW76?0	
1	4	http://www.ncbi.nlm.nih.gov/sra?term=SRX148611	UPY722|Yeast culture	YSt@ UPY722?0	
3	3	http://www.ncbi.nlm.nih.gov/sra?term=SRX433139	MATalpha can1-delta::STE2pr-SP_his5 lyp1-delta his3-delta-1 ura3-delta-0 met15-delta-0 HTZ1-HpH|Saccharomyces cerevisiae grown in SD medium	Unc@ Unclassified	
3	3	http://www.ncbi.nlm.nih.gov/sra?term=SRX170681	Log-phase cells shifted to 0.15X YEP minus carbon source (4hours)	YSt@ Unknown?0	
3	3	http://www.ncbi.nlm.nih.gov/sra?term=SRX170678	Log-phase cells	YSt@ Unknown?0	
3	3	http://www.ncbi.nlm.nih.gov/sra?term=SRX127921	delta_Chd1 yeast (FM391,delta Chd1)	YSt@ Unknown?0	
3	3	http://www.ncbi.nlm.nih.gov/sra?term=SRX127918	Wild-type yeast (FM391)	YSt@ Unknown?0	
1	3	http://www.ncbi.nlm.nih.gov/sra?term=SRX652789	BY4742|BY4742_WT	YSt@ BY4742?0	
1	3	http://www.ncbi.nlm.nih.gov/sra?term=SRX332069	Arp8-TAP	YSt@ BY4741?0	
1	3	http://www.ncbi.nlm.nih.gov/sra?term=SRX1004423	JOY128|not applicable	YSt@ JOY128?0	
1	3	http://www.ncbi.nlm.nih.gov/sra?term=SRX092431	W303|Yeast cell	YSt@ W303?0	
1	3	http://www.ncbi.nlm.nih.gov/sra?term=ERX321076	Y5863	YSt@ Y5863?0	
1	3	http://www.ncbi.nlm.nih.gov/sra?term=ERX223885	Y5485	YSt@ Y5485?0	
2	2	http://www.ncbi.nlm.nih.gov/sra?term=SRX964227	RPD3-MYC DS	YSt@ W303?0	
2	2	http://www.ncbi.nlm.nih.gov/sra?term=SRX541161	rpd3 sir2 _BrdU IP	YSt@ W303?0	
2	2	http://www.ncbi.nlm.nih.gov/sra?term=SRX541158	wild type_BrdU IP	YSt@ W303?0	
2	2	http://www.ncbi.nlm.nih.gov/sra?term=SRX472784	rif1 delta|BrdU IP DNA from S. cerevisiae	YSt@ Unknown?0	
2	2	http://www.ncbi.nlm.nih.gov/sra?term=SRX472782	WT|BrdU IP DNA from S. cerevisiae	YSt@ Unknown?0	
2	2	http://www.ncbi.nlm.nih.gov/sra?term=SRX472156	KHW128|Struhl lab	YSt@ KHW128?0	
2	2	http://www.ncbi.nlm.nih.gov/sra?term=SRX433138	MATalpha can1-delta::STE2pr-SP_his5 lyp1-delta his3-delta-1 ura3-delta-0 met15-delta-0 HTZ1-HpH rrp6-delta::KanMX|Saccharomyces cerevisiae grown in SD medium	Unc@ Unclassified	
2	2	http://www.ncbi.nlm.nih.gov/sra?term=SRX399187	SPJ5.41|Yeast MT	YSt@ SPJ5.41?0	
2	2	http://www.ncbi.nlm.nih.gov/sra?term=SRX360913	BY4741|HSF1 TAP-tagged yeast cells|HSF1 TAP-tagged yeast cells	YSt@ BY4741?0	
2	2	http://www.ncbi.nlm.nih.gov/sra?term=SRX360911	BY4741|TUP1 TAP-tagged yeast cells|TUP1 TAP-tagged yeast cells	YSt@ BY4741?0	
2	2	http://www.ncbi.nlm.nih.gov/sra?term=SRX150902	W303 elc1-delta::URA3|Yeast cells, elc1 deletion mutant, control	YSt@ W303?0	
2	2	http://www.ncbi.nlm.nih.gov/sra?term=SRX150900	W303 elc1-delta::URA3|Yeast cells, elc1 deletion mutant, Rpb1 ChIP	YSt@ W303?0	
2	2	http://www.ncbi.nlm.nih.gov/sra?term=SRX150898	W303 wild-type|Yeast cells, wild-type, control	YSt@ W303?0	
2	2	http://www.ncbi.nlm.nih.gov/sra?term=SRX150896	W303 wild-type|Yeast cells, wild-type, Rpb1 ChIP	YSt@ W303?0	
2	2	http://www.ncbi.nlm.nih.gov/sra?term=SRX1067736	FK1, MAT a/alpha, HO|meiotic cells	YSt@ FK1?0	
2	2	http://www.ncbi.nlm.nih.gov/sra?term=SRX105563	WT|Rpb3-chIP-seq G1 Arrested WT	YSt@ Unknown?0	
2	2	http://www.ncbi.nlm.nih.gov/sra?term=SRX105561	fkh1fkh22C|Rpb3-chIP-seq Asynchronous fkh1fkh12C	YSt@ Unknown?0	
2	2	http://www.ncbi.nlm.nih.gov/sra?term=SRX105559	WT|Rpb3-chIP-seq Asynchronous WT	YSt@ Unknown?0	
2	2	http://www.ncbi.nlm.nih.gov/sra?term=SRX105557	fkh1fkh22C|BrdU-IP-seq fkh1fkh12C	YSt@ Unknown?0	
2	2	http://www.ncbi.nlm.nih.gov/sra?term=SRX105551	fkh1|BrdU-IP-seq fkh1	YSt@ Unknown?0	
2	2	http://www.ncbi.nlm.nih.gov/sra?term=SRX105549	WT|BrdU-IP-seq WT	YSt@ Unknown?0	
2	2	http://www.ncbi.nlm.nih.gov/sra?term=SRX1018463	AM15540|yeast cells	YSt@ AM15540?0	
2	2	http://www.ncbi.nlm.nih.gov/sra?term=SRX092433	W303 Pgal1-Cse4|Yeast cell	YSt@ W303?0	
2	2	http://www.ncbi.nlm.nih.gov/sra?term=SRX062026	AH327|sch9-as nucleus|nucleus	YSt@ AH327?0	
2	2	http://www.ncbi.nlm.nih.gov/sra?term=SRX043840	MATa his31 leu20 ura30 met150 sir4::KanMX trp1::Hyg THI2::sir4|His+ FOAr colonies	YSt@ Unknown?0	
1	2	http://www.ncbi.nlm.nih.gov/sra?term=SRX851850	CY1838|CY1838	YSt@ CY1838?0	
1	2	http://www.ncbi.nlm.nih.gov/sra?term=SRX652791	BY4742|BY4741_spt20D	YSt@ BY4741?0	
1	2	http://www.ncbi.nlm.nih.gov/sra?term=SRX541162	wild type_WCE	YSt@ W303?0	
1	2	http://www.ncbi.nlm.nih.gov/sra?term=SRX541156	rpd3 _BrdU IP	YSt@ W303?0	
1	2	http://www.ncbi.nlm.nih.gov/sra?term=SRX541155	sir2 _BrdU IP	YSt@ W303?0	
1	2	http://www.ncbi.nlm.nih.gov/sra?term=SRX472153	YJ90|Struhl lab	YSt@ YJ90?0	
1	2	http://www.ncbi.nlm.nih.gov/sra?term=SRX472151	YJ89|Struhl lab	YSt@ YJ89?0	
1	2	http://www.ncbi.nlm.nih.gov/sra?term=SRX472149	YJ91|Struhl lab	YSt@ YJ91?0	
1	2	http://www.ncbi.nlm.nih.gov/sra?term=SRX423154	AM1474	YSt@ Unknown?0	
1	2	http://www.ncbi.nlm.nih.gov/sra?term=SRX423153	AM1145	YSt@ Unknown?0	
1	2	http://www.ncbi.nlm.nih.gov/sra?term=SRX423150	AM8834	YSt@ Unknown?0	
1	2	http://www.ncbi.nlm.nih.gov/sra?term=SRX423149	AM5708	YSt@ Unknown?0	
1	2	http://www.ncbi.nlm.nih.gov/sra?term=SRX387216	H3K9ac_gcn5_ChIPseq	YSt@ Unknown?0	
1	2	http://www.ncbi.nlm.nih.gov/sra?term=SRX387214	H3K9ac_WT_ChIPseq	YSt@ Unknown?0	
1	2	http://www.ncbi.nlm.nih.gov/sra?term=SRX332110	Yaf9-TAP	YSt@ BY4741?0	
1	2	http://www.ncbi.nlm.nih.gov/sra?term=SRX332108	Swc2-TAP	YSt@ BY4741?0	
1	2	http://www.ncbi.nlm.nih.gov/sra?term=SRX332106	Taf14-TAP	YSt@ BY4741?0	
1	2	http://www.ncbi.nlm.nih.gov/sra?term=SRX332104	swc2DSwr1-TAP	YSt@ BY4741?0	
1	2	http://www.ncbi.nlm.nih.gov/sra?term=SRX332101	Swc7-TAP	YSt@ BY4741?0	
1	2	http://www.ncbi.nlm.nih.gov/sra?term=SRX332099	Swc5-TAP	YSt@ BY4741?0	
1	2	http://www.ncbi.nlm.nih.gov/sra?term=SRX332097	Swc4-TAP	YSt@ BY4741?0	
1	2	http://www.ncbi.nlm.nih.gov/sra?term=SRX332095	Rvb2-TAP	YSt@ BY4741?0	
1	2	http://www.ncbi.nlm.nih.gov/sra?term=SRX332093	Rvb1-TAP	YSt@ BY4741?0	
1	2	http://www.ncbi.nlm.nih.gov/sra?term=SRX332091	Nhp10-TAP	YSt@ BY4741?0	
1	2	http://www.ncbi.nlm.nih.gov/sra?term=SRX332088	Ies6-TAP	YSt@ BY4741?0	
1	2	http://www.ncbi.nlm.nih.gov/sra?term=SRX332086	Ies5-TAP	YSt@ BY4741?0	
1	2	http://www.ncbi.nlm.nih.gov/sra?term=SRX332084	Ies4-TAP	YSt@ BY4741?0	
1	2	http://www.ncbi.nlm.nih.gov/sra?term=SRX332082	Ies3-TAP	YSt@ BY4741?0	
1	2	http://www.ncbi.nlm.nih.gov/sra?term=SRX332080	Ies2-TAP	YSt@ BY4741?0	
1	2	http://www.ncbi.nlm.nih.gov/sra?term=SRX332078	Ies1-TAP	YSt@ BY4741?0	
1	2	http://www.ncbi.nlm.nih.gov/sra?term=SRX332076	arp5DHtz1-TAP	YSt@ BY4741?0	
1	2	http://www.ncbi.nlm.nih.gov/sra?term=SRX332074	swc2DHtz1-TAP	YSt@ BY4741?0	
1	2	http://www.ncbi.nlm.nih.gov/sra?term=SRX332072	Bdf1-TAP	YSt@ BY4741?0	
1	2	http://www.ncbi.nlm.nih.gov/sra?term=SRX332066	Arp4-TAP	YSt@ BY4741?0	
1	2	http://www.ncbi.nlm.nih.gov/sra?term=SRX235690	nuclei|W1588-4C|Mot1 input	YSt@ W1588-4C?0	
1	2	http://www.ncbi.nlm.nih.gov/sra?term=SRX235689	nuclei|W1588-4C|Mot1 IP	YSt@ W1588-4C?0	
1	2	http://www.ncbi.nlm.nih.gov/sra?term=SRX185634	ASF1-18myc|mid-log phase ASF1-18myc cells, ChIP	YSt@ S288C?0	
1	2	http://www.ncbi.nlm.nih.gov/sra?term=SRX105564	fkh1fkh22C|Rpb3-chIP-seq G1 Arrested fkh1fkh12C	YSt@ Unknown?0	
1	2	http://www.ncbi.nlm.nih.gov/sra?term=SRX105554	fkh1fkh2|BrdU-IP-seq fkh1fkh1	YSt@ Unknown?0	
1	2	http://www.ncbi.nlm.nih.gov/sra?term=SRX1018459	AM15537|yeast cells	YSt@ AM15537?0	
1	2	http://www.ncbi.nlm.nih.gov/sra?term=SRX1018458	AM1145|yeast cells	YSt@ AM1145?0	
1	2	http://www.ncbi.nlm.nih.gov/sra?term=SRX1004444	JOY236|not applicable	YSt@ JOY236?0	
1	2	http://www.ncbi.nlm.nih.gov/sra?term=ERX223887	Y5592	YSt@ Y5592?0	
1	2	http://www.ncbi.nlm.nih.gov/sra?term=ERX223881	Y5540	YSt@ Y5540?0	
1	2	http://www.ncbi.nlm.nih.gov/sra?term=ERX223880	Y5557	YSt@ Y5557?0	
1	1	http://www.ncbi.nlm.nih.gov/sra?term=SRX864905	YBC2883 YBC3010|Input chromatin	YSt@ YBC2883?0	
1	1	http://www.ncbi.nlm.nih.gov/sra?term=SRX864904	YBC3010|Immunoprecipitated chromatin	YSt@ YBC3010?0	
1	1	http://www.ncbi.nlm.nih.gov/sra?term=SRX864903	YBC2883|Immunoprecipitated chromatin	YSt@ YBC2883?0	
1	1	http://www.ncbi.nlm.nih.gov/sra?term=SRX864902	YBC601 p3018|Input chromatin	YSt@ YBC601?0	
1	1	http://www.ncbi.nlm.nih.gov/sra?term=SRX864901	YBC601 p3018|Immunoprecipitated chromatin	YSt@ YBC601?0	
1	1	http://www.ncbi.nlm.nih.gov/sra?term=SRX864900	YBC2882|Input chromatin	YSt@ YBC2882?0	
1	1	http://www.ncbi.nlm.nih.gov/sra?term=SRX864899	YBC2882|Immunoprecipitated chromatin	YSt@ YBC2882?0	
1	1	http://www.ncbi.nlm.nih.gov/sra?term=SRX739220	S288C|NA	YSt@ S288C?0	
1	1	http://www.ncbi.nlm.nih.gov/sra?term=SRX673905	W303 yeast strain Z1256|SWI6-myc_swi4d_IP_2	YSt@ W303?0	
1	1	http://www.ncbi.nlm.nih.gov/sra?term=SRX673904	W303 yeast strain Z1256|SWI6-myc_swi4d_IP_1	YSt@ W303?0	
1	1	http://www.ncbi.nlm.nih.gov/sra?term=SRX673903	W303 yeast strain Z1256|SWI6-myc_swi4d_INPUT	YSt@ W303?0	
1	1	http://www.ncbi.nlm.nih.gov/sra?term=SRX673902	W303 yeast strain Z1256|SWI6-myc_IP_2	YSt@ W303?0	
1	1	http://www.ncbi.nlm.nih.gov/sra?term=SRX673901	W303 yeast strain Z1256|SWI6-myc_IP_1	YSt@ W303?0	
1	1	http://www.ncbi.nlm.nih.gov/sra?term=SRX673900	W303 yeast strain Z1256|SWI6-myc_INPUT	YSt@ W303?0	
1	1	http://www.ncbi.nlm.nih.gov/sra?term=SRX673899	W303 yeast strain Z1256|SWI4-myc_swi6d_IP_1	YSt@ W303?0	
1	1	http://www.ncbi.nlm.nih.gov/sra?term=SRX673898	W303 yeast strain Z1256|SWI4-myc_swi6d_INPUT	YSt@ W303?0	
1	1	http://www.ncbi.nlm.nih.gov/sra?term=SRX673897	W303 yeast strain Z1256|SWI4-myc_IP_1	YSt@ W303?0	
1	1	http://www.ncbi.nlm.nih.gov/sra?term=SRX673896	W303 yeast strain Z1256|SWI4-myc_INPUT	YSt@ W303?0	
1	1	http://www.ncbi.nlm.nih.gov/sra?term=SRX673895	W303 yeast strain Z1256|SUT1-myc_IP_3	YSt@ W303?0	
1	1	http://www.ncbi.nlm.nih.gov/sra?term=SRX673894	W303 yeast strain Z1256|SUT1-myc_IP_2	YSt@ W303?0	
1	1	http://www.ncbi.nlm.nih.gov/sra?term=SRX673893	W303 yeast strain Z1256|SUT1-myc_IP_1	YSt@ W303?0	
1	1	http://www.ncbi.nlm.nih.gov/sra?term=SRX673892	W303 yeast strain Z1256|SUT1-myc_INPUT	YSt@ W303?0	
1	1	http://www.ncbi.nlm.nih.gov/sra?term=SRX673891	W303 yeast strain Z1256|SUT1-myc_nrg1d_IP_3	YSt@ W303?0	
1	1	http://www.ncbi.nlm.nih.gov/sra?term=SRX673890	W303 yeast strain Z1256|SUT1-myc_nrg1d_IP_2	YSt@ W303?0	
1	1	http://www.ncbi.nlm.nih.gov/sra?term=SRX673889	W303 yeast strain Z1256|SUT1-myc_nrg1d_IP_1	YSt@ W303?0	
1	1	http://www.ncbi.nlm.nih.gov/sra?term=SRX673888	W303 yeast strain Z1256|SUT1-myc_nrg1d_INPUT	YSt@ W303?0	
1	1	http://www.ncbi.nlm.nih.gov/sra?term=SRX673887	W303 yeast strain Z1256|NRG1-myc_IP_3	YSt@ W303?0	
1	1	http://www.ncbi.nlm.nih.gov/sra?term=SRX673886	W303 yeast strain Z1256|NRG1-myc_IP_2	YSt@ W303?0	
1	1	http://www.ncbi.nlm.nih.gov/sra?term=SRX673885	W303 yeast strain Z1256|NRG1-myc_IP_1	YSt@ W303?0	
1	1	http://www.ncbi.nlm.nih.gov/sra?term=SRX673884	W303 yeast strain Z1256|NRG1-myc_INPUT	YSt@ W303?0	
1	1	http://www.ncbi.nlm.nih.gov/sra?term=SRX673883	W303 yeast strain Z1256|NRG1-myc_sut1d_IP_3	YSt@ W303?0	
1	1	http://www.ncbi.nlm.nih.gov/sra?term=SRX673882	W303 yeast strain Z1256|NRG1-myc_sut1d_IP_2	YSt@ W303?0	
1	1	http://www.ncbi.nlm.nih.gov/sra?term=SRX673881	W303 yeast strain Z1256|NRG1-myc_sut1d_IP_1	YSt@ W303?0	
1	1	http://www.ncbi.nlm.nih.gov/sra?term=SRX673880	W303 yeast strain Z1256|NRG1-myc_sut1d_INPUT	YSt@ W303?0	
1	1	http://www.ncbi.nlm.nih.gov/sra?term=SRX673879	W303 yeast strain Z1256|RTG3-myc_gcn4d_IP3	YSt@ W303?0	
1	1	http://www.ncbi.nlm.nih.gov/sra?term=SRX673878	W303 yeast strain Z1256|RTG3-myc_gcn4d_INPUT_3	YSt@ W303?0	
1	1	http://www.ncbi.nlm.nih.gov/sra?term=SRX673877	W303 yeast strain Z1256|RTG3-myc_gcn4d_IP2	YSt@ W303?0	
1	1	http://www.ncbi.nlm.nih.gov/sra?term=SRX673876	W303 yeast strain Z1256|RTG3-myc_gcn4d_INPUT_2	YSt@ W303?0	
1	1	http://www.ncbi.nlm.nih.gov/sra?term=SRX673875	W303 yeast strain Z1256|RTG3-myc_gcn4d_IP1	YSt@ W303?0	
1	1	http://www.ncbi.nlm.nih.gov/sra?term=SRX673874	W303 yeast strain Z1256|RTG3-myc_gcn4d_INPUT_1	YSt@ W303?0	
1	1	http://www.ncbi.nlm.nih.gov/sra?term=SRX673873	W303 yeast strain Z1256|GCN4-myc_rtg3d_IP3	YSt@ W303?0	
1	1	http://www.ncbi.nlm.nih.gov/sra?term=SRX673872	W303 yeast strain Z1256|GCN4-myc_rtg3d_INPUT_3	YSt@ W303?0	
1	1	http://www.ncbi.nlm.nih.gov/sra?term=SRX673871	W303 yeast strain Z1256|GCN4-myc_rtg3d_IP2	YSt@ W303?0	
1	1	http://www.ncbi.nlm.nih.gov/sra?term=SRX673870	W303 yeast strain Z1256|GCN4-myc_rtg3d_INPUT_2	YSt@ W303?0	
1	1	http://www.ncbi.nlm.nih.gov/sra?term=SRX673869	W303 yeast strain Z1256|GCN4-myc_rtg3d_IP1	YSt@ W303?0	
1	1	http://www.ncbi.nlm.nih.gov/sra?term=SRX673868	W303 yeast strain Z1256|GCN4-myc_rtg3d_INPUT_1	YSt@ W303?0	
1	1	http://www.ncbi.nlm.nih.gov/sra?term=SRX673867	W303 yeast strain Z1256|RTG3-myc_IP3	YSt@ W303?0	
1	1	http://www.ncbi.nlm.nih.gov/sra?term=SRX673866	W303 yeast strain Z1256|RTG3-myc_INPUT3	YSt@ W303?0	
1	1	http://www.ncbi.nlm.nih.gov/sra?term=SRX673865	W303 yeast strain Z1256|RTG3-myc_IP2	YSt@ W303?0	
1	1	http://www.ncbi.nlm.nih.gov/sra?term=SRX673864	W303 yeast strain Z1256|RTG3-myc_INPUT2	YSt@ W303?0	
1	1	http://www.ncbi.nlm.nih.gov/sra?term=SRX673863	W303 yeast strain Z1256|RTG3-myc_IP1	YSt@ W303?0	
1	1	http://www.ncbi.nlm.nih.gov/sra?term=SRX673862	W303 yeast strain Z1256|RTG3-myc_INPUT1	YSt@ W303?0	
1	1	http://www.ncbi.nlm.nih.gov/sra?term=SRX673861	W303 yeast strain Z1256|GCN4-myc_IP3	YSt@ W303?0	
1	1	http://www.ncbi.nlm.nih.gov/sra?term=SRX673860	W303 yeast strain Z1256|GCN4-myc_INPUT3	YSt@ W303?0	
1	1	http://www.ncbi.nlm.nih.gov/sra?term=SRX673859	W303 yeast strain Z1256|GCN4-myc_IP2	YSt@ W303?0	
1	1	http://www.ncbi.nlm.nih.gov/sra?term=SRX673858	W303 yeast strain Z1256|GCN4-myc_INPUT2	YSt@ W303?0	
1	1	http://www.ncbi.nlm.nih.gov/sra?term=SRX673857	W303 yeast strain Z1256|GCN4-myc_IP1	YSt@ W303?0	
1	1	http://www.ncbi.nlm.nih.gov/sra?term=SRX673856	W303 yeast strain Z1256|GCN4-myc_INPUT1	YSt@ W303?0	
1	1	http://www.ncbi.nlm.nih.gov/sra?term=SRX559607	YAEH275|asynchronous cells	YSt@ BY4741?0	
1	1	http://www.ncbi.nlm.nih.gov/sra?term=SRX559606	YAEH255|asynchronous cells	YSt@ BY4741?0	
1	1	http://www.ncbi.nlm.nih.gov/sra?term=SRX523905	Y4262|Inmunoprecipitated DNA	YSt@ Y2422?0	
1	1	http://www.ncbi.nlm.nih.gov/sra?term=SRX523904	Y2422|Supernatant DNA	YSt@ Y2422?0	
1	1	http://www.ncbi.nlm.nih.gov/sra?term=SRX523903	Y4373|Inmunoprecipitated DNA	YSt@ Y4373?0	
1	1	http://www.ncbi.nlm.nih.gov/sra?term=SRX523902	Y2422|Inmunoprecipitated DNA	YSt@ Y2422?0	
1	1	http://www.ncbi.nlm.nih.gov/sra?term=SRX497387	chd1ChIP_set2del_rep2	YSt@ Unknown?0	
1	1	http://www.ncbi.nlm.nih.gov/sra?term=SRX497386	chd1ChIP_set2del_rep1	YSt@ Unknown?0	
1	1	http://www.ncbi.nlm.nih.gov/sra?term=SRX497385	chd1ChIP_wt_rep2	YSt@ Unknown?0	
1	1	http://www.ncbi.nlm.nih.gov/sra?term=SRX497384	chd1ChIP_wt_rep1	YSt@ Unknown?0	
1	1	http://www.ncbi.nlm.nih.gov/sra?term=SRX497383	pol2ser2ChIP_chd1del	YSt@ W1588-4C?0	
1	1	http://www.ncbi.nlm.nih.gov/sra?term=SRX497382	pol2ser2ChIP_wt	YSt@ W1588-4C?0	
1	1	http://www.ncbi.nlm.nih.gov/sra?term=SRX497381	pol2ser5ChIP_chd1del	YSt@ W1588-4C?0	
1	1	http://www.ncbi.nlm.nih.gov/sra?term=SRX497380	pol2ser5ChIP_wt	YSt@ W1588-4C?0	
1	1	http://www.ncbi.nlm.nih.gov/sra?term=SRX480356	18	YSt@ Unknown?0	
1	1	http://www.ncbi.nlm.nih.gov/sra?term=SRX480355	8	YSt@ Unknown?0	
1	1	http://www.ncbi.nlm.nih.gov/sra?term=SRX476138	scc2-4_wce_1	YSt@ BY4741?0	
1	1	http://www.ncbi.nlm.nih.gov/sra?term=SRX476137	wt_wce_1	Unc@ Unclassified	
1	1	http://www.ncbi.nlm.nih.gov/sra?term=SRX476136	scc2-4_wce_2	YSt@ BY4741?0	
1	1	http://www.ncbi.nlm.nih.gov/sra?term=SRX476135	scc2-4_ip_2	YSt@ BY4741?0	
1	1	http://www.ncbi.nlm.nih.gov/sra?term=SRX476134	wt_ip_2	Unc@ Unclassified	
1	1	http://www.ncbi.nlm.nih.gov/sra?term=SRX476133	scc2-4_ip_1	YSt@ BY4741?0	
1	1	http://www.ncbi.nlm.nih.gov/sra?term=SRX476132	wt_ip_1	Unc@ Unclassified	
1	1	http://www.ncbi.nlm.nih.gov/sra?term=SRX476131	wt_wce_2	Unc@ Unclassified	
1	1	http://www.ncbi.nlm.nih.gov/sra?term=SRX461382	JRY9316|H3_1hrCrosslinked_Sonication_Input	YSt@ JRY9316?0	
1	1	http://www.ncbi.nlm.nih.gov/sra?term=SRX461295	JRY9316|H3_1hrCrosslinked_Sonication_IP	YSt@ JRY9316?0	
1	1	http://www.ncbi.nlm.nih.gov/sra?term=SRX455453	YDC111|Input: Rpb3 (+3AT) Experiment 3	YSt@ YDC111?0	
1	1	http://www.ncbi.nlm.nih.gov/sra?term=SRX455452	YDC111|IP: Rpb3 (+3AT) Experiment 3	YSt@ YDC111?0	
1	1	http://www.ncbi.nlm.nih.gov/sra?term=SRX455451	YDC111|Input: Rpb3 (+3AT) Experiment 2	YSt@ YDC111?0	
1	1	http://www.ncbi.nlm.nih.gov/sra?term=SRX455450	YDC111|IP: Rpb3 (+3AT) Experiment 2	YSt@ YDC111?0	
1	1	http://www.ncbi.nlm.nih.gov/sra?term=SRX455449	YDC111|Input: Rpb3 (no 3AT) Experiment 3	YSt@ YDC111?0	
1	1	http://www.ncbi.nlm.nih.gov/sra?term=SRX455448	YDC111|IP: Rpb3 (No 3AT) Experiment 3	YSt@ YDC111?0	
1	1	http://www.ncbi.nlm.nih.gov/sra?term=SRX455447	YDC111|Input:Rpb3 (no 3AT) Experiment 2	YSt@ YDC111?0	
1	1	http://www.ncbi.nlm.nih.gov/sra?term=SRX455446	YDC111|IP: Rpb3 (no 3AT) Experiment 2	YSt@ YDC111?0	
1	1	http://www.ncbi.nlm.nih.gov/sra?term=SRX455445	YDC443|Input: HA-H2B (+3AT) Experiment 3	YSt@ YDC443?0	
1	1	http://www.ncbi.nlm.nih.gov/sra?term=SRX455444	YDC443|IP: HA-H2B (+3AT) Experiment 3	YSt@ YDC443?0	
1	1	http://www.ncbi.nlm.nih.gov/sra?term=SRX455443	YDC443|Input: HA-H2B (+3AT) Experiment 2	YSt@ YDC443?0	
1	1	http://www.ncbi.nlm.nih.gov/sra?term=SRX455442	YDC443|IP: HA-H2B (+3AT) Experiment 2	YSt@ YDC443?0	
1	1	http://www.ncbi.nlm.nih.gov/sra?term=SRX455441	YDC443|Input: HA-H2B (no 3AT) Experiment 3	YSt@ YDC443?0	
1	1	http://www.ncbi.nlm.nih.gov/sra?term=SRX455440	YDC443|IP: HA-H2B (No 3AT) Experiment 3	YSt@ YDC443?0	
1	1	http://www.ncbi.nlm.nih.gov/sra?term=SRX455439	YDC443|Input: HA-H2B (no 3AT) Experiment 2	YSt@ YDC443?0	
1	1	http://www.ncbi.nlm.nih.gov/sra?term=SRX455438	YDC443|IP: HA-H2B (no 3AT) Experiment 2	YSt@ YDC443?0	
1	1	http://www.ncbi.nlm.nih.gov/sra?term=SRX455437	YDC439|Input: HA-H4 (+3AT) Experiment 3	YSt@ YDC439?0	
1	1	http://www.ncbi.nlm.nih.gov/sra?term=SRX455436	YDC439|IP: HA-H4 (+3AT) Experiment 3	YSt@ YDC439?0	
1	1	http://www.ncbi.nlm.nih.gov/sra?term=SRX455435	YDC439|Input: HA-H4 (+3AT) Experiment 2	YSt@ YDC439?0	
1	1	http://www.ncbi.nlm.nih.gov/sra?term=SRX455434	YDC439|IP: HA-H4 (+3AT) Experiment 2	YSt@ YDC439?0	
1	1	http://www.ncbi.nlm.nih.gov/sra?term=SRX455433	YDC439|Input: HA-H4 (no 3AT) Experiment 3	YSt@ YDC439?0	
1	1	http://www.ncbi.nlm.nih.gov/sra?term=SRX455432	YDC439|IP: HA-H4 (No 3AT) Experiment 3	YSt@ YDC439?0	
1	1	http://www.ncbi.nlm.nih.gov/sra?term=SRX455431	YDC439|Input: HA-H4 (no 3AT) Experiment 2	YSt@ YDC439?0	
1	1	http://www.ncbi.nlm.nih.gov/sra?term=SRX455430	YDC439|IP: HA-H4 (no 3AT) Experiment 2	YSt@ YDC439?0	
1	1	http://www.ncbi.nlm.nih.gov/sra?term=SRX433136	MATalpha can1-delta::STE2pr-SP_his5 lyp1-delta his3-delta-1 ura3-delta-0 met15-delta-0 htz1-delta::HpH|Saccharomyces cerevisiae grown in SD medium	Unc@ Unclassified	
1	1	http://www.ncbi.nlm.nih.gov/sra?term=SRX424822	JRY9316|H3_Crosslinked_Sonication_Input	YSt@ JRY9316?0	
1	1	http://www.ncbi.nlm.nih.gov/sra?term=SRX424821	JRY9316|H3_Crosslinked_Sonication_IP	YSt@ JRY9316?0	
1	1	http://www.ncbi.nlm.nih.gov/sra?term=SRX424396	JRY9499|Sir4_Sonication_input_sir2N345A	YSt@ JRY9499?0	
1	1	http://www.ncbi.nlm.nih.gov/sra?term=SRX424393	JRY9499|Sir4_Sonication_IP_sir2N345A	YSt@ JRY9499?0	
1	1	http://www.ncbi.nlm.nih.gov/sra?term=SRX424392	JRY9498|Sir3_Sonication_input_sir2N345A	YSt@ JRY9498?0	
1	1	http://www.ncbi.nlm.nih.gov/sra?term=SRX424391	JRY9498|Sir3_Sonication_IP_sir2N345A	YSt@ JRY9498?0	
1	1	http://www.ncbi.nlm.nih.gov/sra?term=SRX424390	JRY9316|H4K16acetyl_Sonication_Input	YSt@ JRY9316?0	
1	1	http://www.ncbi.nlm.nih.gov/sra?term=SRX424389	JRY9316|H4K16acetyl_Sonication_IP	YSt@ JRY9316?0	
1	1	http://www.ncbi.nlm.nih.gov/sra?term=SRX423270	JRY9317|Sir4_Sonication_IP_BioRep2	YSt@ JRY9317?0	
1	1	http://www.ncbi.nlm.nih.gov/sra?term=SRX423253	JRY9318|Sir3_Sonication_IP_BioRep2	YSt@ JRY9318?0	
1	1	http://www.ncbi.nlm.nih.gov/sra?term=SRX423250	JRY9319|Sir2_Sonication_IP_BioRep2	YSt@ JRY9319?0	
1	1	http://www.ncbi.nlm.nih.gov/sra?term=SRX421765	JRY9316|notag_sonication_IP	YSt@ JRY9316?0	
1	1	http://www.ncbi.nlm.nih.gov/sra?term=SRX404647	JRY9317|Sir4_Sonication_input_BioRep1	YSt@ JRY9317?0	
1	1	http://www.ncbi.nlm.nih.gov/sra?term=SRX404612	JRY9317|Sir4_Sonication_IP_BioRep1	YSt@ JRY9317?0	
1	1	http://www.ncbi.nlm.nih.gov/sra?term=SRX404610	JRY9318|Sir3_Sonication_input_BioRep1	YSt@ JRY9318?0	
1	1	http://www.ncbi.nlm.nih.gov/sra?term=SRX404602	JRY9318|Sir3_Sonication_IP_BioRep1	YSt@ JRY9318?0	
1	1	http://www.ncbi.nlm.nih.gov/sra?term=SRX404598	JRY9319|Sir2_Sonication_input_BioRep1	YSt@ JRY9319?0	
1	1	http://www.ncbi.nlm.nih.gov/sra?term=SRX404503	JRY9319|Sir2_Sonication_IP_BioRep1	YSt@ JRY9319?0	
1	1	http://www.ncbi.nlm.nih.gov/sra?term=SRX399185	SPJ5.4|Yeast WT	YSt@ SPJ5.4?0	
1	1	http://www.ncbi.nlm.nih.gov/sra?term=SRX390624	H3K4ME3_WT_FM392_Rep_2	YSt@ Unknown?0	
1	1	http://www.ncbi.nlm.nih.gov/sra?term=SRX390623	H3K4ME3_WT_FM392_Rep_1	YSt@ Unknown?0	
1	1	http://www.ncbi.nlm.nih.gov/sra?term=SRX390622	H3K4ME3_leo1_delta_FM392_Rep_2	YSt@ Unknown?0	
1	1	http://www.ncbi.nlm.nih.gov/sra?term=SRX390621	H3K4ME3_leo1_delta_FM392_Rep_1	YSt@ Unknown?0	
1	1	http://www.ncbi.nlm.nih.gov/sra?term=SRX390620	H3K4ME3_Full_length_Set1_Rep_2	YSt@ Unknown?0	
1	1	http://www.ncbi.nlm.nih.gov/sra?term=SRX390619	Input_for_Full_length_Set1_Rep1	YSt@ Unknown?0	
1	1	http://www.ncbi.nlm.nih.gov/sra?term=SRX390618	H3K4ME3_Full_length_Set1_Rep_1	YSt@ Unknown?0	
1	1	http://www.ncbi.nlm.nih.gov/sra?term=SRX390617	Input_Set1_aa762-1080_Rep_1	YSt@ Unknown?0	
1	1	http://www.ncbi.nlm.nih.gov/sra?term=SRX390616	H3K4ME3_aa762-1080_Set1_Rep_1	YSt@ Unknown?0	
1	1	http://www.ncbi.nlm.nih.gov/sra?term=SRX390615	H3K4ME3_chd1_delta_FM392_Rep_2	YSt@ Unknown?0	
1	1	http://www.ncbi.nlm.nih.gov/sra?term=SRX390614	H3K4ME3_chd1_delta_FM392_Rep_1	YSt@ Unknown?0	
1	1	http://www.ncbi.nlm.nih.gov/sra?term=SRX390613	H3K4ME3_aa762-1080_Set1_Rep_2	YSt@ Unknown?0	
1	1	http://www.ncbi.nlm.nih.gov/sra?term=SRX387223	RNAPolII_WT_hH2B_ChIPseq	YSt@ Unknown?0	
1	1	http://www.ncbi.nlm.nih.gov/sra?term=SRX387222	H3K4me3_WT_hH2B_ChIPseq	YSt@ Unknown?0	
1	1	http://www.ncbi.nlm.nih.gov/sra?term=SRX387221	H2B_WT_hH2B_ChIPseq	YSt@ Unknown?0	
1	1	http://www.ncbi.nlm.nih.gov/sra?term=SRX387220	H2Bub_ubp8_hH2B_ChIPseq	YSt@ Unknown?0	
1	1	http://www.ncbi.nlm.nih.gov/sra?term=SRX387219	H2Bub_WT_hH2B_ChIPseq	YSt@ Unknown?0	
1	1	http://www.ncbi.nlm.nih.gov/sra?term=SRX387218	H2Bub_WT_yH2B_ChIPseq	YSt@ Unknown?0	
1	1	http://www.ncbi.nlm.nih.gov/sra?term=SRX387213	gcn5_input	YSt@ Unknown?0	
1	1	http://www.ncbi.nlm.nih.gov/sra?term=SRX387212	ubp8_hH2B_input	YSt@ Unknown?0	
1	1	http://www.ncbi.nlm.nih.gov/sra?term=SRX387211	WT_hH2B_input	YSt@ Unknown?0	
1	1	http://www.ncbi.nlm.nih.gov/sra?term=SRX387210	WT_yH2B_input	YSt@ Unknown?0	
1	1	http://www.ncbi.nlm.nih.gov/sra?term=SRX386402	20	YSt@ Unknown?0	
1	1	http://www.ncbi.nlm.nih.gov/sra?term=SRX386401	17	YSt@ Unknown?0	
1	1	http://www.ncbi.nlm.nih.gov/sra?term=SRX386400	16	YSt@ Unknown?0	
1	1	http://www.ncbi.nlm.nih.gov/sra?term=SRX386399	15	YSt@ Unknown?0	
1	1	http://www.ncbi.nlm.nih.gov/sra?term=SRX386398	14	YSt@ Unknown?0	
1	1	http://www.ncbi.nlm.nih.gov/sra?term=SRX386372	12	YSt@ Unknown?0	
1	1	http://www.ncbi.nlm.nih.gov/sra?term=SRX386370	11	YSt@ Unknown?0	
1	1	http://www.ncbi.nlm.nih.gov/sra?term=SRX386369	10	YSt@ Unknown?0	
1	1	http://www.ncbi.nlm.nih.gov/sra?term=SRX386367	7	YSt@ Unknown?0	
1	1	http://www.ncbi.nlm.nih.gov/sra?term=SRX386366	6	YSt@ Unknown?0	
1	1	http://www.ncbi.nlm.nih.gov/sra?term=SRX386365	5	YSt@ Unknown?0	
1	1	http://www.ncbi.nlm.nih.gov/sra?term=SRX386364	4	YSt@ Unknown?0	
1	1	http://www.ncbi.nlm.nih.gov/sra?term=SRX386363	3	YSt@ Unknown?0	
1	1	http://www.ncbi.nlm.nih.gov/sra?term=SRX386361	2	YSt@ Unknown?0	
1	1	http://www.ncbi.nlm.nih.gov/sra?term=SRX386340	1	YSt@ Unknown?0	
1	1	http://www.ncbi.nlm.nih.gov/sra?term=SRX385605	YMD97|WCE at 0h after meiotic induction (GAL4BD-SPO11-FLAG cells)	YSt@ YMD97?0	
1	1	http://www.ncbi.nlm.nih.gov/sra?term=SRX385604	RKD1311|WCE at 5h after meiotic induction (SPO11-FLAG cells)	YSt@ RKD1311?0	
1	1	http://www.ncbi.nlm.nih.gov/sra?term=SRX385603	YKT190|WCE at 4h after meiotic induction (RED1-FLAG cells)	YSt@ YKT190?0	
1	1	http://www.ncbi.nlm.nih.gov/sra?term=SRX385602	RKD1311|WCE at 3h after meiotic induction (SPO11-FLAG cells)	YSt@ RKD1311?0	
1	1	http://www.ncbi.nlm.nih.gov/sra?term=SRX385601	YMD97|Gal4BD-Spo11-FLAG ChIP at 0h after meiotic induction	YSt@ YMD97?0	
1	1	http://www.ncbi.nlm.nih.gov/sra?term=SRX385600	RKD1311|Spo11-FLAG ChIP at 5h after meiotic induction	YSt@ RKD1311?0	
1	1	http://www.ncbi.nlm.nih.gov/sra?term=SRX385599	RKD1311|Spo11-FLAG ChIP at 4h after meiotic induction	YSt@ RKD1311?0	
1	1	http://www.ncbi.nlm.nih.gov/sra?term=SRX385598	RKD1311|Spo11-FLAG ChIP at 3h after meiotic induction	YSt@ RKD1311?0	
1	1	http://www.ncbi.nlm.nih.gov/sra?term=SRX385597	YSD7|Rec8-FLAG ChIP in GAL4BD-SPO11 cells at 4h after meiotic induction	YSt@ YSD7?0	
1	1	http://www.ncbi.nlm.nih.gov/sra?term=SRX385596	YSD3|Rec8-FLAG ChIP at 4h after meiotic induction	YSt@ YSD3?0	
1	1	http://www.ncbi.nlm.nih.gov/sra?term=SRX377187	ZKY428: CEN.PK MATa GCN5-FLAG::natMX, SET1-3HA::KanMX47|YMC cycling cells	YSt@ ZKY428?0	
1	1	http://www.ncbi.nlm.nih.gov/sra?term=SRX377186	ZKY428: CEN.PK MATa GCN5-FLAG::natMX, SET1-3HA::KanMX46|YMC cycling cells	YSt@ ZKY428?0	
1	1	http://www.ncbi.nlm.nih.gov/sra?term=SRX377185	ZKY428: CEN.PK MATa GCN5-FLAG::natMX, SET1-3HA::KanMX45|YMC cycling cells	YSt@ ZKY428?0	
1	1	http://www.ncbi.nlm.nih.gov/sra?term=SRX377184	ZKY428: CEN.PK MATa GCN5-FLAG::natMX, SET1-3HA::KanMX44|YMC cycling cells	YSt@ ZKY428?0	
1	1	http://www.ncbi.nlm.nih.gov/sra?term=SRX377183	ZKY428: CEN.PK MATa GCN5-FLAG::natMX, SET1-3HA::KanMX43|YMC cycling cells	YSt@ ZKY428?0	
1	1	http://www.ncbi.nlm.nih.gov/sra?term=SRX377182	ZKY428: CEN.PK MATa GCN5-FLAG::natMX, SET1-3HA::KanMX42|YMC cycling cells	YSt@ ZKY428?0	
1	1	http://www.ncbi.nlm.nih.gov/sra?term=SRX377181	ZKY428: CEN.PK MATa GCN5-FLAG::natMX, SET1-3HA::KanMX41|YMC cycling cells	YSt@ ZKY428?0	
1	1	http://www.ncbi.nlm.nih.gov/sra?term=SRX377180	ZKY428: CEN.PK MATa GCN5-FLAG::natMX, SET1-3HA::KanMX40|YMC cycling cells	YSt@ ZKY428?0	
1	1	http://www.ncbi.nlm.nih.gov/sra?term=SRX377179	ZKY428: CEN.PK MATa GCN5-FLAG::natMX, SET1-3HA::KanMX39|YMC cycling cells	YSt@ ZKY428?0	
1	1	http://www.ncbi.nlm.nih.gov/sra?term=SRX377178	ZKY428: CEN.PK MATa GCN5-FLAG::natMX, SET1-3HA::KanMX38|YMC cycling cells	YSt@ ZKY428?0	
1	1	http://www.ncbi.nlm.nih.gov/sra?term=SRX377177	ZKY428: CEN.PK MATa GCN5-FLAG::natMX, SET1-3HA::KanMX37|YMC cycling cells	YSt@ ZKY428?0	
1	1	http://www.ncbi.nlm.nih.gov/sra?term=SRX377176	ZKY428: CEN.PK MATa GCN5-FLAG::natMX, SET1-3HA::KanMX36|YMC cycling cells	YSt@ ZKY428?0	
1	1	http://www.ncbi.nlm.nih.gov/sra?term=SRX377175	ZKY428: CEN.PK MATa GCN5-FLAG::natMX, SET1-3HA::KanMX35|YMC cycling cells	YSt@ ZKY428?0	
1	1	http://www.ncbi.nlm.nih.gov/sra?term=SRX377174	ZKY428: CEN.PK MATa GCN5-FLAG::natMX, SET1-3HA::KanMX34|YMC cycling cells	YSt@ ZKY428?0	
1	1	http://www.ncbi.nlm.nih.gov/sra?term=SRX377173	ZKY428: CEN.PK MATa GCN5-FLAG::natMX, SET1-3HA::KanMX33|YMC cycling cells	YSt@ ZKY428?0	
1	1	http://www.ncbi.nlm.nih.gov/sra?term=SRX377172	ZKY428: CEN.PK MATa GCN5-FLAG::natMX, SET1-3HA::KanMX32|YMC cycling cells	YSt@ ZKY428?0	
1	1	http://www.ncbi.nlm.nih.gov/sra?term=SRX377171	ZKY428: CEN.PK MATa GCN5-FLAG::natMX, SET1-3HA::KanMX31|YMC cycling cells	YSt@ ZKY428?0	
1	1	http://www.ncbi.nlm.nih.gov/sra?term=SRX377170	ZKY428: CEN.PK MATa GCN5-FLAG::natMX, SET1-3HA::KanMX30|YMC cycling cells	YSt@ ZKY428?0	
1	1	http://www.ncbi.nlm.nih.gov/sra?term=SRX377169	ZKY428: CEN.PK MATa GCN5-FLAG::natMX, SET1-3HA::KanMX29|YMC cycling cells	YSt@ ZKY428?0	
1	1	http://www.ncbi.nlm.nih.gov/sra?term=SRX377168	ZKY428: CEN.PK MATa GCN5-FLAG::natMX, SET1-3HA::KanMX28|YMC cycling cells	YSt@ ZKY428?0	
1	1	http://www.ncbi.nlm.nih.gov/sra?term=SRX377167	ZKY428: CEN.PK MATa GCN5-FLAG::natMX, SET1-3HA::KanMX27|YMC cycling cells	YSt@ ZKY428?0	
1	1	http://www.ncbi.nlm.nih.gov/sra?term=SRX377166	ZKY428: CEN.PK MATa GCN5-FLAG::natMX, SET1-3HA::KanMX26|YMC cycling cells	YSt@ ZKY428?0	
1	1	http://www.ncbi.nlm.nih.gov/sra?term=SRX377165	ZKY428: CEN.PK MATa GCN5-FLAG::natMX, SET1-3HA::KanMX25|YMC cycling cells	YSt@ ZKY428?0	
1	1	http://www.ncbi.nlm.nih.gov/sra?term=SRX377164	ZKY428: CEN.PK MATa GCN5-FLAG::natMX, SET1-3HA::KanMX24|YMC cycling cells	YSt@ ZKY428?0	
1	1	http://www.ncbi.nlm.nih.gov/sra?term=SRX377163	ZKY428: CEN.PK MATa GCN5-FLAG::natMX, SET1-3HA::KanMX23|YMC cycling cells	YSt@ ZKY428?0	
1	1	http://www.ncbi.nlm.nih.gov/sra?term=SRX377162	ZKY428: CEN.PK MATa GCN5-FLAG::natMX, SET1-3HA::KanMX22|YMC cycling cells	YSt@ ZKY428?0	
1	1	http://www.ncbi.nlm.nih.gov/sra?term=SRX377161	ZKY428: CEN.PK MATa GCN5-FLAG::natMX, SET1-3HA::KanMX21|YMC cycling cells	YSt@ ZKY428?0	
1	1	http://www.ncbi.nlm.nih.gov/sra?term=SRX377160	ZKY428: CEN.PK MATa GCN5-FLAG::natMX, SET1-3HA::KanMX20|YMC cycling cells	YSt@ ZKY428?0	
1	1	http://www.ncbi.nlm.nih.gov/sra?term=SRX377159	ZKY428: CEN.PK MATa GCN5-FLAG::natMX, SET1-3HA::KanMX19|YMC cycling cells	YSt@ ZKY428?0	
1	1	http://www.ncbi.nlm.nih.gov/sra?term=SRX377158	ZKY428: CEN.PK MATa GCN5-FLAG::natMX, SET1-3HA::KanMX18|YMC cycling cells	YSt@ ZKY428?0	
1	1	http://www.ncbi.nlm.nih.gov/sra?term=SRX377157	ZKY428: CEN.PK MATa GCN5-FLAG::natMX, SET1-3HA::KanMX17|YMC cycling cells	YSt@ ZKY428?0	
1	1	http://www.ncbi.nlm.nih.gov/sra?term=SRX377156	ZKY428: CEN.PK MATa GCN5-FLAG::natMX, SET1-3HA::KanMX16|YMC cycling cells	YSt@ ZKY428?0	
1	1	http://www.ncbi.nlm.nih.gov/sra?term=SRX377155	ZKY428: CEN.PK MATa GCN5-FLAG::natMX, SET1-3HA::KanMX15|YMC cycling cells	YSt@ ZKY428?0	
1	1	http://www.ncbi.nlm.nih.gov/sra?term=SRX377154	ZKY428: CEN.PK MATa GCN5-FLAG::natMX, SET1-3HA::KanMX14|YMC cycling cells	YSt@ ZKY428?0	
1	1	http://www.ncbi.nlm.nih.gov/sra?term=SRX377153	ZKY428: CEN.PK MATa GCN5-FLAG::natMX, SET1-3HA::KanMX13|YMC cycling cells	YSt@ ZKY428?0	
1	1	http://www.ncbi.nlm.nih.gov/sra?term=SRX377152	ZKY428: CEN.PK MATa GCN5-FLAG::natMX, SET1-3HA::KanMX12|YMC cycling cells	YSt@ ZKY428?0	
1	1	http://www.ncbi.nlm.nih.gov/sra?term=SRX377151	ZKY428: CEN.PK MATa GCN5-FLAG::natMX, SET1-3HA::KanMX11|YMC cycling cells	YSt@ ZKY428?0	
1	1	http://www.ncbi.nlm.nih.gov/sra?term=SRX377150	ZKY428: CEN.PK MATa GCN5-FLAG::natMX, SET1-3HA::KanMX10|YMC cycling cells	YSt@ ZKY428?0	
1	1	http://www.ncbi.nlm.nih.gov/sra?term=SRX377149	ZKY428: CEN.PK MATa GCN5-FLAG::natMX, SET1-3HA::KanMX9|YMC cycling cells	YSt@ ZKY428?0	
1	1	http://www.ncbi.nlm.nih.gov/sra?term=SRX377148	ZKY428: CEN.PK MATa GCN5-FLAG::natMX, SET1-3HA::KanMX8|YMC cycling cells	YSt@ ZKY428?0	
1	1	http://www.ncbi.nlm.nih.gov/sra?term=SRX377147	ZKY428: CEN.PK MATa GCN5-FLAG::natMX, SET1-3HA::KanMX7|YMC cycling cells	YSt@ ZKY428?0	
1	1	http://www.ncbi.nlm.nih.gov/sra?term=SRX377146	ZKY428: CEN.PK MATa GCN5-FLAG::natMX, SET1-3HA::KanMX6|YMC cycling cells	YSt@ ZKY428?0	
1	1	http://www.ncbi.nlm.nih.gov/sra?term=SRX372029	YFK1, MAT a/alpha, HO|meiotic cells, 4.5h in SPM, untagged|meiotic cells	YSt@ YFK1?0	
1	1	http://www.ncbi.nlm.nih.gov/sra?term=SRX372028	YFK1701, MAT a/alpha ho::LYS2/|meiotic cells, 4.5h in SPM, Sgs1-ChIP|meiotic cells	YSt@ YFK1701?0	
1	1	http://www.ncbi.nlm.nih.gov/sra?term=SRX372027	YFK1701, MAT a/alpha ho::LYS2/|meiotic cells, 3.5h in SPM, Sgs1-ChIP|meiotic cells	YSt@ YFK1701?0	
1	1	http://www.ncbi.nlm.nih.gov/sra?term=SRX372026	YFK5316, MAT a/alpha ho::LYS2/|meiotic cells, 4.5h in SPM, Smc6-ChIP, spo11delta|meiotic cells	YSt@ YFK5316?0	
1	1	http://www.ncbi.nlm.nih.gov/sra?term=SRX372025	YFK5316, MAT a/alpha ho::LYS2/|meiotic cells, 3.5h in SPM, Smc6-ChIP, spo11delta|meiotic cells	YSt@ YFK5316?0	
1	1	http://www.ncbi.nlm.nih.gov/sra?term=SRX372024	YFK2754, MAT a/alpha ho::LYS2/|meiotic cells, 4.5h in SPM, Smc6-ChIP|meiotic cells	YSt@ YFK2754?0	
1	1	http://www.ncbi.nlm.nih.gov/sra?term=SRX372023	YFK2754, MAT a/alpha ho::LYS2/|meiotic cells, 3.5h in SPM, Smc6-ChIP|meiotic cells	YSt@ YFK2754?0	
1	1	http://www.ncbi.nlm.nih.gov/sra?term=SRX363340	JRY4012|GFP_notag_Dex_input	YSt@ JRY4012?0	
1	1	http://www.ncbi.nlm.nih.gov/sra?term=SRX363336	JRY4012|GFP_notag_Dex_IP	YSt@ JRY4012?0	
1	1	http://www.ncbi.nlm.nih.gov/sra?term=SRX363335	JRY4012|GFP_notag_Gal_input	YSt@ JRY4012?0	
1	1	http://www.ncbi.nlm.nih.gov/sra?term=SRX363334	JRY4012|GFP_notag_Gal_IP	YSt@ JRY4012?0	
1	1	http://www.ncbi.nlm.nih.gov/sra?term=SRX363333	JRY9443|GFP_Gal_input	YSt@ JRY9443?0	
1	1	http://www.ncbi.nlm.nih.gov/sra?term=SRX363332	JRY9443|GFP_Gal_IP	YSt@ JRY9443?0	
1	1	http://www.ncbi.nlm.nih.gov/sra?term=SRX363331	JRY9443|GFP_Dex_input	YSt@ JRY9443?0	
1	1	http://www.ncbi.nlm.nih.gov/sra?term=SRX363324	JRY9443|GFP_dex_IP	YSt@ JRY9443?0	
1	1	http://www.ncbi.nlm.nih.gov/sra?term=SRX363276	JRY9316|myc_notag_input_rep3	YSt@ JRY9316?0	
1	1	http://www.ncbi.nlm.nih.gov/sra?term=SRX363275	JRY9316|myc_notag_IP_rep3	YSt@ JRY9316?0	
1	1	http://www.ncbi.nlm.nih.gov/sra?term=SRX363274	JRY9316|myc_notag_input_rep2	YSt@ JRY9316?0	
1	1	http://www.ncbi.nlm.nih.gov/sra?term=SRX363273	JRY9316|myc_notag_IP_rep2	YSt@ JRY9316?0	
1	1	http://www.ncbi.nlm.nih.gov/sra?term=SRX363272	JRY9316|myc_notag_input_rep1	YSt@ JRY9316?0	
1	1	http://www.ncbi.nlm.nih.gov/sra?term=SRX363263	JRY9316|myc_notag_IP_rep1	YSt@ JRY9316?0	
1	1	http://www.ncbi.nlm.nih.gov/sra?term=SRX363262	JRY9317|Sir4_input	YSt@ JRY9317?0	
1	1	http://www.ncbi.nlm.nih.gov/sra?term=SRX363261	JRY9317|Sir4_IP	YSt@ JRY9317?0	
1	1	http://www.ncbi.nlm.nih.gov/sra?term=SRX363260	JRY9318|Sir3_input	YSt@ JRY9318?0	
1	1	http://www.ncbi.nlm.nih.gov/sra?term=SRX363259	JRY9318|Sir3_IP	YSt@ JRY9318?0	
1	1	http://www.ncbi.nlm.nih.gov/sra?term=SRX362242	JRY9319|Sir2_input	YSt@ JRY9319?0	
1	1	http://www.ncbi.nlm.nih.gov/sra?term=SRX362219	JRY9319|Sir2_IP	YSt@ JRY9319?0	
1	1	http://www.ncbi.nlm.nih.gov/sra?term=SRX335656	W303|Pol II ChIP DNA	YSt@ W303?0	
1	1	http://www.ncbi.nlm.nih.gov/sra?term=SRX335655	DBY1330 spt6-td-HA3  (W303)|H3 ChIP DNA	YSt@ W303?0	
1	1	http://www.ncbi.nlm.nih.gov/sra?term=SRX335654	DBY871 (W303)|H3 ChIP DNA	YSt@ W303?0	
1	1	http://www.ncbi.nlm.nih.gov/sra?term=SRX332103	Swr1-TAP	YSt@ BY4741?0	
1	1	http://www.ncbi.nlm.nih.gov/sra?term=SRX332090	Ino80-TAP	YSt@ BY4741?0	
1	1	http://www.ncbi.nlm.nih.gov/sra?term=SRX332068	Arp5-TAP	YSt@ BY4741?0	
1	1	http://www.ncbi.nlm.nih.gov/sra?term=SRX185636	ASF1-18myc|mid-log phase ASF1-18myc cells, mock	YSt@ S288C?0	
1	1	http://www.ncbi.nlm.nih.gov/sra?term=SRX180134	BY4741 (MATa)|BY4741_gcn5	YSt@ BY4741?0	
1	1	http://www.ncbi.nlm.nih.gov/sra?term=SRX180133	BY4741 (MATa)|BY4741_sba1	YSt@ BY4741?0	
1	1	http://www.ncbi.nlm.nih.gov/sra?term=SRX180132	BY4741 (MATa)|BY4741_WT	YSt@ BY4741?0	
1	1	http://www.ncbi.nlm.nih.gov/sra?term=SRX160485	W1588-4C (congenic to W303-1A except RAD5+)|Isw2 WT ChIP	YSt@ W303?0	
1	1	http://www.ncbi.nlm.nih.gov/sra?term=SRX160483	W1588-4C (congenic to W303-1A except RAD5+)|Chd1 WT N-ChIP-seq	YSt@ W303?0	
1	1	http://www.ncbi.nlm.nih.gov/sra?term=SRX160481	W1588-4C (congenic to W303-1A except RAD5+)|Chd1 K407R ChIP	YSt@ W303?0	
1	1	http://www.ncbi.nlm.nih.gov/sra?term=SRX160480	W1588-4C (congenic to W303-1A except RAD5+)|Isw2 K215R ChIP	YSt@ W303?0	
1	1	http://www.ncbi.nlm.nih.gov/sra?term=SRX160479	W1588-4C (congenic to W303-1A except RAD5+)|Isw1 K227R N-ChIP-Seq	YSt@ W303?0	
1	1	http://www.ncbi.nlm.nih.gov/sra?term=SRX157920	CEN.PK a IFH1-FLAG::Nat|YMC RC phase cells, input	YSt@ Unknown?0	
1	1	http://www.ncbi.nlm.nih.gov/sra?term=SRX157919	CEN.PK a IFH1-FLAG::Nat|YMC OX phase cells, input	YSt@ Unknown?0	
1	1	http://www.ncbi.nlm.nih.gov/sra?term=SRX157918	CEN.PK a IFH1-FLAG::Nat|YMC RC phase cells, Ifh1p ChIP	YSt@ Unknown?0	
1	1	http://www.ncbi.nlm.nih.gov/sra?term=SRX157917	CEN.PK a IFH1-FLAG::Nat|YMC OX phase cells, Ifh1p ChIP	YSt@ Unknown?0	
1	1	http://www.ncbi.nlm.nih.gov/sra?term=SRX1067735	FK4396, MAT a/alpha ho::LYS2/|meiotic cells	YSt@ FK4396?0	
1	1	http://www.ncbi.nlm.nih.gov/sra?term=SRX1067734	FK1091, MAT a/alpha ho::LYS2/|meiotic cells	YSt@ FK1091?0	
1	1	http://www.ncbi.nlm.nih.gov/sra?term=SRX1067732	FK4815, MAT a/alpha ho::LYS2/+, ho::hisG/+, V5-RED1::hphMX4/|meiotic cells	YSt@ FK4815?0	
1	1	http://www.ncbi.nlm.nih.gov/sra?term=SRX1067731	FK4833, MAT a/alpha ho::LYS2/+,ho:hisG/+, V5-RED1::hphMX4/|meiotic cells	YSt@ FK4833?0	
1	1	http://www.ncbi.nlm.nih.gov/sra?term=SRX1067730	FK3870, MAT a/alpha ho:hisG/|meiotic cells	YSt@ FK3870?0	
1	1	http://www.ncbi.nlm.nih.gov/sra?term=SRX105553	fkh1|BrdU-IP-seq fkh2	YSt@ Unknown?0	
1	1	http://www.ncbi.nlm.nih.gov/sra?term=SRX105552	fkh2|BrdU-IP-seq fkh2	YSt@ Unknown?0	
1	1	http://www.ncbi.nlm.nih.gov/sra?term=SRX1004456	JOY129.3|not applicable	YSt@ JOY129?0	
1	1	http://www.ncbi.nlm.nih.gov/sra?term=SRX1004454	ABY215|not applicable	YSt@ ABY215?0	
1	1	http://www.ncbi.nlm.nih.gov/sra?term=SRX1004452	ABY210|not applicable	YSt@ ABY210?0	
1	1	http://www.ncbi.nlm.nih.gov/sra?term=SRX1004448	ABY171|not applicable	YSt@ ABY179?0	
1	1	http://www.ncbi.nlm.nih.gov/sra?term=SRX1004446	ABY125|not applicable	YSt@ ABY125?0	
1	1	http://www.ncbi.nlm.nih.gov/sra?term=SRX1004439	ABY134|not applicable	YSt@ ABY134?0	
1	1	http://www.ncbi.nlm.nih.gov/sra?term=SRX1004437	ABY194|not applicable	YSt@ ABY194?0	
1	1	http://www.ncbi.nlm.nih.gov/sra?term=SRX1004435	ABY139|not applicable	YSt@ ABY139?0	
1	1	http://www.ncbi.nlm.nih.gov/sra?term=SRX1004421	JOY148|not applicable	YSt@ JOY148?0	
1	1	http://www.ncbi.nlm.nih.gov/sra?term=SRX1004417	ABY86|not applicable	YSt@ ABY86?0	
1	1	http://www.ncbi.nlm.nih.gov/sra?term=SRX1004415	ABY85|not applicable	YSt@ ABY85?0	
1	1	http://www.ncbi.nlm.nih.gov/sra?term=SRX100288	H3-T7, H4 tail deletion, generation 3	YSt@ Unknown?0	
1	1	http://www.ncbi.nlm.nih.gov/sra?term=SRX100287	H3-HA, H4 tail deletion, generation 3	YSt@ Unknown?0	
1	1	http://www.ncbi.nlm.nih.gov/sra?term=SRX100286	H3-T7, top1 deletion, generation 3	YSt@ Unknown?0	
1	1	http://www.ncbi.nlm.nih.gov/sra?term=SRX100285	H3-HA, top1 deletion, generation 3	YSt@ Unknown?0	
1	1	http://www.ncbi.nlm.nih.gov/sra?term=SRX100284	H3-T7, cac1 deletion, generation 3	YSt@ Unknown?0	
1	1	http://www.ncbi.nlm.nih.gov/sra?term=SRX100283	H3-HA, cac1 deletion, generation 3	YSt@ Unknown?0	
1	1	http://www.ncbi.nlm.nih.gov/sra?term=SRX100282	H3-T7, wt, generation 1	YSt@ Unknown?0	
1	1	http://www.ncbi.nlm.nih.gov/sra?term=SRX100281	H3-HA, wt, generation 1	YSt@ Unknown?0	
1	1	http://www.ncbi.nlm.nih.gov/sra?term=SRX100280	H3-T7, wt, G2/M	YSt@ Unknown?0	
1	1	http://www.ncbi.nlm.nih.gov/sra?term=SRX100279	H3-HA, wt, G2/M	YSt@ Unknown?0	
1	1	http://www.ncbi.nlm.nih.gov/sra?term=SRX100278	H3-T7, wt, generation 0	YSt@ Unknown?0	
1	1	http://www.ncbi.nlm.nih.gov/sra?term=SRX100277	H3-HA, wt, generation 0	YSt@ Unknown?0	
1	1	http://www.ncbi.nlm.nih.gov/sra?term=SRX097119	TOH1303|ChIP	YSt@ TOH1303?0	
1	1	http://www.ncbi.nlm.nih.gov/sra?term=SRX092434	W303 Pgal1-Cse4-3xHA-KanMX4 (internal tag) scm3::HphMX4|Yeast cell	YSt@ W303?0	
1	1	http://www.ncbi.nlm.nih.gov/sra?term=SRX092430	W303 Ndc80-9xMyc-KanMX4 Pgal1-Cse4|Yeast cell	YSt@ W303?0	
1	1	http://www.ncbi.nlm.nih.gov/sra?term=SRX092429	W303 Ndc10-9xMyc-KanMX4 Pgal1-Cse4|Yeast cell	YSt@ W303?0	
1	1	http://www.ncbi.nlm.nih.gov/sra?term=SRX092428	W303 Mif2-9xMyc-KanMX4 Pgal1-Cse4|Yeast cell	YSt@ W303?0	
1	1	http://www.ncbi.nlm.nih.gov/sra?term=SRX092427	W303 Pgal1-Cse4-3xHA-KanMX4 (internal tag)|Yeast cell	YSt@ W303?0	
1	1	http://www.ncbi.nlm.nih.gov/sra?term=SRX092426	W303 Ndc80-9xMyc-KanMX4|Yeast cell	YSt@ W303?0	
1	1	http://www.ncbi.nlm.nih.gov/sra?term=SRX092425	W303 Ndc10-9xMyc-KanMX4|Yeast cell	YSt@ W303?0	
1	1	http://www.ncbi.nlm.nih.gov/sra?term=SRX092424	W303 Mif2-9xMyc-KanMX4|Yeast cell	YSt@ W303?0	
1	1	http://www.ncbi.nlm.nih.gov/sra?term=SRX062937	AH572|SCH9 SDS3-TAP nucleus|nucleus	YSt@ AH572?0	
1	1	http://www.ncbi.nlm.nih.gov/sra?term=SRX062028	AH625|sch9-as STB3-TAP nucleus|nucleus	YSt@ AH625?0	
1	1	http://www.ncbi.nlm.nih.gov/sra?term=SRX062027	AH624|SCH9 STB3-TAP nucleus|nucleus	YSt@ AH624?0	
1	1	http://www.ncbi.nlm.nih.gov/sra?term=SRX062025	AH576|sch9-as stb3 dot6 tod6 SDS3-TAP nucleus|nucleus	YSt@ AH576?0	
1	1	http://www.ncbi.nlm.nih.gov/sra?term=SRX062024	AH575|sch9-as dot6 tod6 SDS3-TAP nucleus|nucleus	YSt@ AH575?0	
1	1	http://www.ncbi.nlm.nih.gov/sra?term=SRX062023	AH574|sch9-as stb3 SDS3-TAP nucleus|nucleus	YSt@ AH574?0	
1	1	http://www.ncbi.nlm.nih.gov/sra?term=SRX062022	AH573|sch9-as SDS3-TAP nucleus|nucleus	YSt@ AH573?0	
1	1	http://www.ncbi.nlm.nih.gov/sra?term=SRX021359	W303-1A TBF1-13xMyc::HIS3|whole organism, tagged	YSt@ W303?0	
1	1	http://www.ncbi.nlm.nih.gov/sra?term=SRX021358	W303-1A|whole organism, untagged	YSt@ W303?0	
1	1	http://www.ncbi.nlm.nih.gov/sra?term=SRX016026	WT W303	YSt@ W303?0	
1	1	http://www.ncbi.nlm.nih.gov/sra?term=ERX223889	Y5551	YSt@ Y5551?0	
1	1	http://www.ncbi.nlm.nih.gov/sra?term=ERX223884	Y5545	YSt@ Y5545?0	
1	1	http://www.ncbi.nlm.nih.gov/sra?term=ERX223882	Y5588	YSt@ Y5588?0	
1	1	http://www.ncbi.nlm.nih.gov/sra?term=ERX223879	Y5084	YSt@ Y5084?0	
